{
  "correios" : {
    "transaction" : "correios",
    "sampleCount" : 50,
    "errorCount" : 0,
    "errorPct" : 0.0,
    "meanResTime" : 1810.4,
    "medianResTime" : 1858.5,
    "minResTime" : 1161.0,
    "maxResTime" : 2200.0,
    "pct1ResTime" : 2167.9,
    "pct2ResTime" : 2188.45,
    "pct3ResTime" : 2200.0,
    "throughput" : 22.686025408348456,
    "receivedKBytesPerSec" : 2427.1393099194643,
    "sentKBytesPerSec" : 2.680672924228675
  },
  "Total" : {
    "transaction" : "Total",
    "sampleCount" : 150,
    "errorCount" : 0,
    "errorPct" : 0.0,
    "meanResTime" : 1101.8866666666677,
    "medianResTime" : 1122.0,
    "minResTime" : 256.0,
    "maxResTime" : 2200.0,
    "pct1ResTime" : 2050.8,
    "pct2ResTime" : 2165.0,
    "pct3ResTime" : 2194.3900000000003,
    "throughput" : 36.91853310361801,
    "receivedKBytesPerSec" : 4458.139046348142,
    "sentKBytesPerSec" : 4.434550363032242
  },
  "google" : {
    "transaction" : "google",
    "sampleCount" : 50,
    "errorCount" : 0,
    "errorPct" : 0.0,
    "meanResTime" : 405.98,
    "medianResTime" : 397.5,
    "minResTime" : 256.0,
    "maxResTime" : 660.0,
    "pct1ResTime" : 497.0,
    "pct2ResTime" : 499.0,
    "pct3ResTime" : 660.0,
    "throughput" : 75.18796992481202,
    "receivedKBytesPerSec" : 1170.062852443609,
    "sentKBytesPerSec" : 8.517387218045112
  },
  "Receita Federal" : {
    "transaction" : "Receita Federal",
    "sampleCount" : 50,
    "errorCount" : 0,
    "errorPct" : 0.0,
    "meanResTime" : 1089.28,
    "medianResTime" : 1122.0,
    "minResTime" : 685.0,
    "maxResTime" : 1465.0,
    "pct1ResTime" : 1353.9,
    "pct2ResTime" : 1402.25,
    "pct3ResTime" : 1465.0,
    "throughput" : 32.82994090610637,
    "receivedKBytesPerSec" : 7869.93572513132,
    "sentKBytesPerSec" : 4.231984569927774
  }
}